{
    "ham": {
        "precision": 0.9875,
        "recall": 0.9775028121484814,
        "f1-score": 0.9824759751271905,
        "support": 889.0
    },
    "spam": {
        "precision": 0.8701298701298701,
        "recall": 0.9241379310344827,
        "f1-score": 0.8963210702341137,
        "support": 145.0
    },
    "accuracy": 0.9700193423597679,
    "macro avg": {
        "precision": 0.9288149350649351,
        "recall": 0.950820371591482,
        "f1-score": 0.939398522680652,
        "support": 1034.0
    },
    "weighted avg": {
        "precision": 0.9710409392348465,
        "recall": 0.9700193423597679,
        "f1-score": 0.9703942911721652,
        "support": 1034.0
    },
    "cross_validation": {
        "cv_mean_f1": 0.9339829635810224,
        "cv_std_f1": 0.01265476937457033
    }
}